date,actualSales,forecastedSales,revenue,productsCount
2022-01-01,209.00,200.00,94050.00,21
2022-01-02,192.00,201.00,86400.00,19
2022-01-03,198.00,202.00,89100.00,20
2022-01-04,166.00,203.00,74700.00,17
2022-01-05,178.00,204.00,80100.00,18
2022-01-06,233.00,205.00,104850.00,23
2022-01-07,232.00,206.00,104400.00,23
2022-01-08,170.00,207.00,76500.00,17
2022-01-09,179.00,208.00,80550.00,18
2022-01-10,164.00,208.00,73800.00,16
2022-01-11,253.00,209.00,113850.00,25
2022-01-12,228.00,210.00,102600.00,23
2022-01-13,216.00,210.00,97200.00,22
2022-01-14,233.00,211.00,104850.00,23
2022-01-15,164.00,211.00,73800.00,16
2022-01-16,165.00,212.00,74250.00,16
2022-01-17,179.00,212.00,80550.00,18
2022-01-18,168.00,212.00,75600.00,17
2022-01-19,187.00,213.00,84150.00,19
2022-01-20,171.00,213.00,76950.00,17
2022-01-21,204.00,213.00,91800.00,20
2022-01-22,194.00,213.00,87300.00,19
2022-01-23,225.00,213.00,101250.00,22
2022-01-24,203.00,213.00,91350.00,20
2022-01-25,219.00,213.00,98550.00,22
2022-01-26,202.00,213.00,90900.00,20
2022-01-27,178.00,213.00,80100.00,18
2022-01-28,247.00,213.00,111150.00,25
2022-01-29,197.00,213.00,88650.00,20
2022-01-30,179.00,212.00,80550.00,18
2022-01-31,210.00,212.00,94500.00,21
2022-02-01,249.00,212.00,112050.00,25
2022-02-02,163.00,212.00,73350.00,16
2022-02-03,231.00,211.00,103950.00,23
2022-02-04,198.00,211.00,89100.00,20
2022-02-05,231.00,210.00,103950.00,23
2022-02-06,226.00,210.00,101700.00,23
2022-02-07,240.00,210.00,108000.00,24
2022-02-08,163.00,209.00,73350.00,16
2022-02-09,222.00,209.00,99900.00,22
2022-02-10,196.00,208.00,88200.00,20
2022-02-11,191.00,208.00,85950.00,19
2022-02-12,173.00,207.00,77850.00,17
2022-02-13,176.00,207.00,79200.00,18
2022-02-14,171.00,206.00,76950.00,17
2022-02-15,194.00,205.00,87300.00,19
2022-02-16,231.00,205.00,103950.00,23
2022-02-17,231.00,204.00,103950.00,23
2022-02-18,162.00,204.00,72900.00,16
2022-02-19,252.00,203.00,113400.00,25
2022-02-20,202.00,202.00,90900.00,20
2022-02-21,197.00,202.00,88650.00,20
2022-02-22,202.00,201.00,90900.00,20
2022-02-23,230.00,201.00,103500.00,23
2022-02-24,245.00,200.00,110250.00,24
2022-02-25,229.00,199.00,103050.00,23
2022-02-26,149.00,199.00,67050.00,15
2022-02-27,196.00,198.00,88200.00,20
2022-02-28,157.00,198.00,70650.00,16
2022-03-01,177.00,197.00,79650.00,18
2022-03-02,180.00,197.00,81000.00,18
2022-03-03,151.00,196.00,67950.00,15
2022-03-04,239.00,196.00,107550.00,24
2022-03-05,149.00,195.00,67050.00,15
2022-03-06,189.00,195.00,85050.00,19
2022-03-07,202.00,194.00,90900.00,20
2022-03-08,206.00,194.00,92700.00,21
2022-03-09,222.00,194.00,99900.00,22
2022-03-10,172.00,193.00,77400.00,17
2022-03-11,217.00,193.00,97650.00,22
2022-03-12,190.00,193.00,85500.00,19
2022-03-13,216.00,192.00,97200.00,22
2022-03-14,222.00,192.00,99900.00,22
2022-03-15,212.00,192.00,95400.00,21
2022-03-16,197.00,192.00,88650.00,20
2022-03-17,239.00,192.00,107550.00,24
2022-03-18,159.00,192.00,71550.00,16
2022-03-19,227.00,192.00,102150.00,23
2022-03-20,143.00,192.00,64350.00,14
2022-03-21,198.00,192.00,89100.00,20
2022-03-22,157.00,192.00,70650.00,16
2022-03-23,152.00,192.00,68400.00,15
2022-03-24,182.00,192.00,81900.00,18
2022-03-25,166.00,192.00,74700.00,17
2022-03-26,220.00,192.00,99000.00,22
2022-03-27,223.00,193.00,100350.00,22
2022-03-28,166.00,193.00,74700.00,17
2022-03-29,240.00,193.00,108000.00,24
2022-03-30,188.00,194.00,84600.00,19
2022-03-31,208.00,194.00,93600.00,21
2022-04-01,181.00,195.00,81450.00,18
2022-04-02,230.00,195.00,103500.00,23
2022-04-03,180.00,196.00,81000.00,18
2022-04-04,236.00,197.00,106200.00,24
2022-04-05,184.00,197.00,82800.00,18
2022-04-06,180.00,198.00,81000.00,18
2022-04-07,185.00,199.00,83250.00,18
2022-04-08,242.00,200.00,108900.00,24
2022-04-09,176.00,201.00,79200.00,18
2022-04-10,244.00,202.00,109800.00,24
2022-04-11,219.00,203.00,98550.00,22
2022-04-12,207.00,204.00,93150.00,21
2022-04-13,159.00,205.00,71550.00,16
2022-04-14,195.00,206.00,87750.00,20
2022-04-15,208.00,207.00,93600.00,21
2022-04-16,256.00,208.00,115200.00,26
2022-04-17,236.00,209.00,106200.00,24
2022-04-18,250.00,211.00,112500.00,25
2022-04-19,204.00,212.00,91800.00,20
2022-04-20,256.00,214.00,115200.00,26
2022-04-21,171.00,215.00,76950.00,17
2022-04-22,171.00,216.00,76950.00,17
2022-04-23,181.00,218.00,81450.00,18
2022-04-24,223.00,219.00,100350.00,22
2022-04-25,261.00,221.00,117450.00,26
2022-04-26,235.00,223.00,105750.00,24
2022-04-27,255.00,224.00,114750.00,26
2022-04-28,199.00,226.00,89550.00,20
2022-04-29,273.00,228.00,122850.00,27
2022-04-30,270.00,229.00,121500.00,27
2022-05-01,226.00,231.00,101700.00,23
2022-05-02,240.00,233.00,108000.00,24
2022-05-03,242.00,235.00,108900.00,24
2022-05-04,191.00,236.00,85950.00,19
2022-05-05,207.00,238.00,93150.00,21
2022-05-06,274.00,240.00,123300.00,27
2022-05-07,249.00,242.00,112050.00,25
2022-05-08,206.00,244.00,92700.00,21
2022-05-09,280.00,246.00,126000.00,28
2022-05-10,280.00,248.00,126000.00,28
2022-05-11,267.00,250.00,120150.00,27
2022-05-12,225.00,252.00,101250.00,22
2022-05-13,253.00,254.00,113850.00,25
2022-05-14,284.00,256.00,127800.00,28
2022-05-15,264.00,258.00,118800.00,26
2022-05-16,213.00,260.00,95850.00,21
2022-05-17,248.00,262.00,111600.00,25
2022-05-18,235.00,264.00,105750.00,24
2022-05-19,305.00,266.00,137250.00,30
2022-05-20,260.00,268.00,117000.00,26
2022-05-21,313.00,270.00,140850.00,31
2022-05-22,274.00,272.00,123300.00,27
2022-05-23,258.00,274.00,116100.00,26
2022-05-24,290.00,276.00,130500.00,29
2022-05-25,294.00,278.00,132300.00,29
2022-05-26,305.00,279.00,137250.00,30
2022-05-27,313.00,281.00,140850.00,31
2022-05-28,281.00,283.00,126450.00,28
2022-05-29,254.00,285.00,114300.00,25
2022-05-30,272.00,287.00,122400.00,27
2022-05-31,241.00,289.00,108450.00,24
2022-06-01,303.00,291.00,136350.00,30
2022-06-02,328.00,292.00,147600.00,33
2022-06-03,284.00,294.00,127800.00,28
2022-06-04,326.00,296.00,146700.00,33
2022-06-05,300.00,298.00,135000.00,30
2022-06-06,311.00,299.00,139950.00,31
2022-06-07,278.00,301.00,125100.00,28
2022-06-08,267.00,302.00,120150.00,27
2022-06-09,294.00,304.00,132300.00,29
2022-06-10,264.00,305.00,118800.00,26
2022-06-11,282.00,307.00,126900.00,28
2022-06-12,291.00,308.00,130950.00,29
2022-06-13,267.00,310.00,120150.00,27
2022-06-14,299.00,311.00,134550.00,30
2022-06-15,347.00,312.00,156150.00,35
2022-06-16,310.00,313.00,139500.00,31
2022-06-17,267.00,315.00,120150.00,27
2022-06-18,348.00,316.00,156600.00,35
2022-06-19,336.00,317.00,151200.00,34
2022-06-20,344.00,318.00,154800.00,34
2022-06-21,367.00,319.00,165150.00,37
2022-06-22,324.00,320.00,145800.00,32
2022-06-23,358.00,320.00,161100.00,36
2022-06-24,275.00,321.00,123750.00,28
2022-06-25,359.00,322.00,161550.00,36
2022-06-26,298.00,323.00,134100.00,30
2022-06-27,299.00,323.00,134550.00,30
2022-06-28,303.00,324.00,136350.00,30
2022-06-29,300.00,324.00,135000.00,30
2022-06-30,313.00,325.00,140850.00,31
2022-07-01,355.00,325.00,159750.00,36
2022-07-02,354.00,325.00,159300.00,35
2022-07-03,319.00,326.00,143550.00,32
2022-07-04,363.00,326.00,163350.00,36
2022-07-05,303.00,326.00,136350.00,30
2022-07-06,363.00,326.00,163350.00,36
2022-07-07,362.00,326.00,162900.00,36
2022-07-08,288.00,326.00,129600.00,29
2022-07-09,346.00,326.00,155700.00,35
2022-07-10,340.00,326.00,153000.00,34
2022-07-11,286.00,325.00,128700.00,29
2022-07-12,333.00,325.00,149850.00,33
2022-07-13,296.00,325.00,133200.00,30
2022-07-14,339.00,324.00,152550.00,34
2022-07-15,342.00,324.00,153900.00,34
2022-07-16,363.00,323.00,163350.00,36
2022-07-17,298.00,322.00,134100.00,30
2022-07-18,328.00,322.00,147600.00,33
2022-07-19,335.00,321.00,150750.00,34
2022-07-20,280.00,320.00,126000.00,28
2022-07-21,305.00,319.00,137250.00,30
2022-07-22,316.00,318.00,142200.00,32
2022-07-23,308.00,317.00,138600.00,31
2022-07-24,361.00,316.00,162450.00,36
2022-07-25,349.00,315.00,157050.00,35
2022-07-26,291.00,314.00,130950.00,29
2022-07-27,347.00,313.00,156150.00,35
2022-07-28,350.00,311.00,157500.00,35
2022-07-29,308.00,310.00,138600.00,31
2022-07-30,351.00,309.00,157950.00,35
2022-07-31,281.00,307.00,126450.00,28
2022-08-01,326.00,306.00,146700.00,33
2022-08-02,333.00,304.00,149850.00,33
2022-08-03,262.00,303.00,117900.00,26
2022-08-04,251.00,301.00,112950.00,25
2022-08-05,326.00,299.00,146700.00,33
2022-08-06,319.00,298.00,143550.00,32
2022-08-07,252.00,296.00,113400.00,25
2022-08-08,254.00,294.00,114300.00,25
2022-08-09,289.00,292.00,130050.00,29
2022-08-10,270.00,290.00,121500.00,27
2022-08-11,263.00,289.00,118350.00,26
2022-08-12,275.00,287.00,123750.00,28
2022-08-13,259.00,285.00,116550.00,26
2022-08-14,318.00,283.00,143100.00,32
2022-08-15,324.00,281.00,145800.00,32
2022-08-16,288.00,279.00,129600.00,29
2022-08-17,296.00,277.00,133200.00,30
2022-08-18,238.00,275.00,107100.00,24
2022-08-19,301.00,273.00,135450.00,30
2022-08-20,229.00,270.00,103050.00,23
2022-08-21,252.00,268.00,113400.00,25
2022-08-22,233.00,266.00,104850.00,23
2022-08-23,244.00,264.00,109800.00,24
2022-08-24,300.00,262.00,135000.00,30
2022-08-25,224.00,260.00,100800.00,22
2022-08-26,264.00,258.00,118800.00,26
2022-08-27,245.00,256.00,110250.00,24
2022-08-28,261.00,253.00,117450.00,26
2022-08-29,204.00,251.00,91800.00,20
2022-08-30,277.00,249.00,124650.00,28
2022-08-31,214.00,247.00,96300.00,21
2022-09-01,272.00,245.00,122400.00,27
2022-09-02,277.00,243.00,124650.00,28
2022-09-03,209.00,241.00,94050.00,21
2022-09-04,277.00,239.00,124650.00,28
2022-09-05,198.00,237.00,89100.00,20
2022-09-06,200.00,234.00,90000.00,20
2022-09-07,209.00,232.00,94050.00,21
2022-09-08,237.00,230.00,106650.00,24
2022-09-09,267.00,228.00,120150.00,27
2022-09-10,196.00,226.00,88200.00,20
2022-09-11,175.00,224.00,78750.00,18
2022-09-12,241.00,223.00,108450.00,24
2022-09-13,250.00,221.00,112500.00,25
2022-09-14,247.00,219.00,111150.00,25
2022-09-15,265.00,217.00,119250.00,26
2022-09-16,208.00,215.00,93600.00,21
2022-09-17,220.00,213.00,99000.00,22
2022-09-18,231.00,212.00,103950.00,23
2022-09-19,237.00,210.00,106650.00,24
2022-09-20,205.00,208.00,92250.00,20
2022-09-21,207.00,207.00,93150.00,21
2022-09-22,160.00,205.00,72000.00,16
2022-09-23,192.00,204.00,86400.00,19
2022-09-24,217.00,202.00,97650.00,22
2022-09-25,217.00,201.00,97650.00,22
2022-09-26,179.00,199.00,80550.00,18
2022-09-27,175.00,198.00,78750.00,18
2022-09-28,221.00,197.00,99450.00,22
2022-09-29,213.00,195.00,95850.00,21
2022-09-30,242.00,194.00,108900.00,24
2022-10-01,151.00,193.00,67950.00,15
2022-10-02,150.00,192.00,67500.00,15
2022-10-03,166.00,191.00,74700.00,17
2022-10-04,195.00,190.00,87750.00,20
2022-10-05,142.00,189.00,63900.00,14
2022-10-06,167.00,188.00,75150.00,17
2022-10-07,177.00,187.00,79650.00,18
2022-10-08,175.00,187.00,78750.00,18
2022-10-09,175.00,186.00,78750.00,18
2022-10-10,222.00,185.00,99900.00,22
2022-10-11,152.00,185.00,68400.00,15
2022-10-12,175.00,184.00,78750.00,18
2022-10-13,152.00,184.00,68400.00,15
2022-10-14,172.00,183.00,77400.00,17
2022-10-15,133.00,183.00,59850.00,13
2022-10-16,190.00,182.00,85500.00,19
2022-10-17,147.00,182.00,66150.00,15
2022-10-18,223.00,182.00,100350.00,22
2022-10-19,227.00,182.00,102150.00,23
2022-10-20,135.00,182.00,60750.00,14
2022-10-21,137.00,182.00,61650.00,14
2022-10-22,139.00,182.00,62550.00,14
2022-10-23,154.00,182.00,69300.00,15
2022-10-24,227.00,182.00,102150.00,23
2022-10-25,192.00,182.00,86400.00,19
2022-10-26,226.00,182.00,101700.00,23
2022-10-27,154.00,182.00,69300.00,15
2022-10-28,191.00,183.00,85950.00,19
2022-10-29,197.00,183.00,88650.00,20
2022-10-30,212.00,184.00,95400.00,21
2022-10-31,210.00,184.00,94500.00,21
2022-11-01,200.00,185.00,90000.00,20
2022-11-02,185.00,185.00,83250.00,18
2022-11-03,183.00,186.00,82350.00,18
2022-11-04,177.00,186.00,79650.00,18
2022-11-05,186.00,187.00,83700.00,19
2022-11-06,221.00,188.00,99450.00,22
2022-11-07,231.00,188.00,103950.00,23
2022-11-08,155.00,189.00,69750.00,16
2022-11-09,171.00,190.00,76950.00,17
2022-11-10,225.00,191.00,101250.00,22
2022-11-11,146.00,192.00,65700.00,15
2022-11-12,166.00,193.00,74700.00,17
2022-11-13,226.00,194.00,101700.00,23
2022-11-14,232.00,195.00,104400.00,23
2022-11-15,193.00,196.00,86850.00,19
2022-11-16,232.00,197.00,104400.00,23
2022-11-17,216.00,198.00,97200.00,22
2022-11-18,159.00,199.00,71550.00,16
2022-11-19,180.00,200.00,81000.00,18
2022-11-20,235.00,201.00,105750.00,24
2022-11-21,241.00,202.00,108450.00,24
2022-11-22,207.00,203.00,93150.00,21
2022-11-23,189.00,204.00,85050.00,19
2022-11-24,219.00,206.00,98550.00,22
2022-11-25,253.00,207.00,113850.00,25
2022-11-26,218.00,208.00,98100.00,22
2022-11-27,234.00,209.00,105300.00,23
2022-11-28,160.00,210.00,72000.00,16
2022-11-29,166.00,212.00,74700.00,17
2022-11-30,207.00,213.00,93150.00,21
2022-12-01,176.00,214.00,79200.00,18
2022-12-02,185.00,215.00,83250.00,18
2022-12-03,256.00,216.00,115200.00,26
2022-12-04,243.00,218.00,109350.00,24
2022-12-05,226.00,219.00,101700.00,23
2022-12-06,268.00,220.00,120600.00,27
2022-12-07,242.00,221.00,108900.00,24
2022-12-08,186.00,222.00,83700.00,19
2022-12-09,200.00,223.00,90000.00,20
2022-12-10,270.00,224.00,121500.00,27
2022-12-11,233.00,226.00,104850.00,23
2022-12-12,233.00,227.00,104850.00,23
2022-12-13,214.00,228.00,96300.00,21
2022-12-14,191.00,229.00,85950.00,19
2022-12-15,263.00,230.00,118350.00,26
2022-12-16,206.00,231.00,92700.00,21
2022-12-17,215.00,232.00,96750.00,22
2022-12-18,264.00,233.00,118800.00,26
2022-12-19,210.00,234.00,94500.00,21
2022-12-20,264.00,234.00,118800.00,26
2022-12-21,192.00,235.00,86400.00,19
2022-12-22,224.00,236.00,100800.00,22
2022-12-23,252.00,237.00,113400.00,25
2022-12-24,263.00,238.00,118350.00,26
2022-12-25,271.00,238.00,121950.00,27
2022-12-26,194.00,239.00,87300.00,19
2022-12-27,195.00,240.00,87750.00,20
2022-12-28,254.00,240.00,114300.00,25
2022-12-29,253.00,241.00,113850.00,25
2022-12-30,232.00,241.00,104400.00,23
2022-12-31,198.00,242.00,89100.00,20
2023-01-01,199.00,242.00,89550.00,20
2023-01-02,280.00,243.00,126000.00,28
2023-01-03,286.00,243.00,128700.00,29
2023-01-04,248.00,243.00,111600.00,25
2023-01-05,246.00,243.00,110700.00,25
2023-01-06,240.00,244.00,108000.00,24
2023-01-07,278.00,244.00,125100.00,28
2023-01-08,204.00,244.00,91800.00,20
2023-01-09,240.00,244.00,108000.00,24
2023-01-10,247.00,244.00,111150.00,25
2023-01-11,208.00,244.00,93600.00,21
2023-01-12,287.00,244.00,129150.00,29
2023-01-13,293.00,244.00,131850.00,29
2023-01-14,254.00,244.00,114300.00,25
2023-01-15,206.00,243.00,92700.00,21
2023-01-16,217.00,243.00,97650.00,22
2023-01-17,274.00,243.00,123300.00,27
2023-01-18,229.00,243.00,103050.00,23
2023-01-19,275.00,242.00,123750.00,28
2023-01-20,284.00,242.00,127800.00,28
2023-01-21,221.00,241.00,99450.00,22
2023-01-22,191.00,241.00,85950.00,19
2023-01-23,224.00,240.00,100800.00,22
2023-01-24,203.00,239.00,91350.00,20
2023-01-25,261.00,239.00,117450.00,26
2023-01-26,240.00,238.00,108000.00,24
2023-01-27,259.00,237.00,116550.00,26
2023-01-28,258.00,237.00,116100.00,26
2023-01-29,238.00,236.00,107100.00,24
2023-01-30,209.00,235.00,94050.00,21
2023-01-31,210.00,234.00,94500.00,21
2023-02-01,209.00,233.00,94050.00,21
2023-02-02,194.00,232.00,87300.00,19
2023-02-03,206.00,231.00,92700.00,21
2023-02-04,253.00,230.00,113850.00,25
2023-02-05,275.00,229.00,123750.00,28
2023-02-06,191.00,228.00,85950.00,19
2023-02-07,276.00,227.00,124200.00,28
2023-02-08,268.00,225.00,120600.00,27
2023-02-09,202.00,224.00,90900.00,20
2023-02-10,200.00,223.00,90000.00,20
2023-02-11,180.00,222.00,81000.00,18
2023-02-12,253.00,221.00,113850.00,25
2023-02-13,204.00,219.00,91800.00,20
2023-02-14,255.00,218.00,114750.00,26
2023-02-15,178.00,217.00,80100.00,18
2023-02-16,237.00,215.00,106650.00,24
2023-02-17,231.00,214.00,103950.00,23
2023-02-18,212.00,213.00,95400.00,21
2023-02-19,217.00,211.00,97650.00,22
2023-02-20,160.00,210.00,72000.00,16
2023-02-21,173.00,208.00,77850.00,17
2023-02-22,227.00,207.00,102150.00,23
2023-02-23,234.00,206.00,105300.00,23
2023-02-24,210.00,204.00,94500.00,21
2023-02-25,155.00,203.00,69750.00,16
2023-02-26,217.00,202.00,97650.00,22
2023-02-27,235.00,200.00,105750.00,24
2023-02-28,176.00,199.00,79200.00,18
2023-03-01,196.00,197.00,88200.00,20
2023-03-02,173.00,196.00,77850.00,17
2023-03-03,240.00,195.00,108000.00,24
2023-03-04,180.00,193.00,81000.00,18
2023-03-05,211.00,192.00,94950.00,21
2023-03-06,216.00,191.00,97200.00,22
2023-03-07,236.00,189.00,106200.00,24
2023-03-08,170.00,188.00,76500.00,17
2023-03-09,194.00,187.00,87300.00,19
2023-03-10,176.00,186.00,79200.00,18
2023-03-11,173.00,185.00,77850.00,17
2023-03-12,208.00,183.00,93600.00,21
2023-03-13,210.00,182.00,94500.00,21
2023-03-14,133.00,181.00,59850.00,13
2023-03-15,212.00,180.00,95400.00,21
2023-03-16,155.00,179.00,69750.00,16
2023-03-17,167.00,178.00,75150.00,17
2023-03-18,216.00,177.00,97200.00,22
2023-03-19,169.00,176.00,76050.00,17
2023-03-20,128.00,175.00,57600.00,13
2023-03-21,136.00,174.00,61200.00,14
2023-03-22,205.00,174.00,92250.00,20
2023-03-23,168.00,173.00,75600.00,17
2023-03-24,144.00,172.00,64800.00,14
2023-03-25,189.00,171.00,85050.00,19
2023-03-26,217.00,171.00,97650.00,22
2023-03-27,214.00,170.00,96300.00,21
2023-03-28,194.00,170.00,87300.00,19
2023-03-29,135.00,169.00,60750.00,14
2023-03-30,192.00,169.00,86400.00,19
2023-03-31,145.00,169.00,65250.00,14
2023-04-01,132.00,168.00,59400.00,13
2023-04-02,176.00,168.00,79200.00,18
2023-04-03,131.00,168.00,58950.00,13
2023-04-04,182.00,168.00,81900.00,18
2023-04-05,166.00,168.00,74700.00,17
2023-04-06,158.00,168.00,71100.00,16
2023-04-07,159.00,168.00,71550.00,16
2023-04-08,189.00,168.00,85050.00,19
2023-04-09,142.00,168.00,63900.00,14
2023-04-10,206.00,168.00,92700.00,21
2023-04-11,205.00,169.00,92250.00,20
2023-04-12,146.00,169.00,65700.00,15
2023-04-13,157.00,170.00,70650.00,16
2023-04-14,176.00,170.00,79200.00,18
2023-04-15,211.00,171.00,94950.00,21
2023-04-16,164.00,171.00,73800.00,16
2023-04-17,165.00,172.00,74250.00,16
2023-04-18,155.00,173.00,69750.00,16
2023-04-19,140.00,174.00,63000.00,14
2023-04-20,156.00,174.00,70200.00,16
2023-04-21,181.00,175.00,81450.00,18
2023-04-22,223.00,176.00,100350.00,22
2023-04-23,219.00,177.00,98550.00,22
2023-04-24,160.00,179.00,72000.00,16
2023-04-25,157.00,180.00,70650.00,16
2023-04-26,224.00,181.00,100800.00,22
2023-04-27,170.00,182.00,76500.00,17
2023-04-28,134.00,184.00,60300.00,13
2023-04-29,181.00,185.00,81450.00,18
2023-04-30,168.00,187.00,75600.00,17
2023-05-01,219.00,188.00,98550.00,22
2023-05-02,205.00,190.00,92250.00,20
2023-05-03,157.00,192.00,70650.00,16
2023-05-04,177.00,193.00,79650.00,18
2023-05-05,230.00,195.00,103500.00,23
2023-05-06,211.00,197.00,94950.00,21
2023-05-07,195.00,199.00,87750.00,20
2023-05-08,224.00,201.00,100800.00,22
2023-05-09,179.00,203.00,80550.00,18
2023-05-10,238.00,205.00,107100.00,24
2023-05-11,222.00,207.00,99900.00,22
2023-05-12,199.00,209.00,89550.00,20
2023-05-13,234.00,211.00,105300.00,23
2023-05-14,229.00,213.00,103050.00,23
2023-05-15,235.00,216.00,105750.00,24
2023-05-16,185.00,218.00,83250.00,18
2023-05-17,190.00,220.00,85500.00,19
2023-05-18,174.00,223.00,78300.00,17
2023-05-19,272.00,225.00,122400.00,27
2023-05-20,179.00,228.00,80550.00,18
2023-05-21,219.00,230.00,98550.00,22
2023-05-22,241.00,233.00,108450.00,24
2023-05-23,195.00,235.00,87750.00,20
2023-05-24,269.00,238.00,121050.00,27
2023-05-25,225.00,240.00,101250.00,22
2023-05-26,283.00,243.00,127350.00,28
2023-05-27,283.00,246.00,127350.00,28
2023-05-28,266.00,248.00,119700.00,27
2023-05-29,256.00,251.00,115200.00,26
2023-05-30,219.00,254.00,98550.00,22
2023-05-31,211.00,256.00,94950.00,21
2023-06-01,242.00,259.00,108900.00,24
2023-06-02,237.00,262.00,106650.00,24
2023-06-03,235.00,265.00,105750.00,24
2023-06-04,223.00,267.00,100350.00,22
2023-06-05,287.00,270.00,129150.00,29
2023-06-06,246.00,273.00,110700.00,25
2023-06-07,312.00,275.00,140400.00,31
2023-06-08,254.00,278.00,114300.00,25
2023-06-09,327.00,281.00,147150.00,33
2023-06-10,311.00,284.00,139950.00,31
2023-06-11,262.00,286.00,117900.00,26
2023-06-12,302.00,289.00,135900.00,30
2023-06-13,311.00,292.00,139950.00,31
2023-06-14,259.00,295.00,116550.00,26
2023-06-15,334.00,297.00,150300.00,33
2023-06-16,289.00,300.00,130050.00,29
2023-06-17,340.00,302.00,153000.00,34
2023-06-18,332.00,305.00,149400.00,33
2023-06-19,262.00,308.00,117900.00,26
2023-06-20,328.00,310.00,147600.00,33
2023-06-21,325.00,313.00,146250.00,32
2023-06-22,299.00,315.00,134550.00,30
2023-06-23,325.00,318.00,146250.00,32
2023-06-24,353.00,320.00,158850.00,35
2023-06-25,363.00,323.00,163350.00,36
2023-06-26,330.00,325.00,148500.00,33
2023-06-27,356.00,327.00,160200.00,36
2023-06-28,283.00,330.00,127350.00,28
2023-06-29,322.00,332.00,144900.00,32
2023-06-30,350.00,334.00,157500.00,35
2023-07-01,318.00,336.00,143100.00,32
2023-07-02,299.00,339.00,134550.00,30
2023-07-03,320.00,341.00,144000.00,32
2023-07-04,293.00,343.00,131850.00,29
2023-07-05,311.00,345.00,139950.00,31
2023-07-06,366.00,347.00,164700.00,37
2023-07-07,381.00,349.00,171450.00,38
2023-07-08,343.00,351.00,154350.00,34
2023-07-09,353.00,352.00,158850.00,35
2023-07-10,358.00,354.00,161100.00,36
2023-07-11,396.00,356.00,178200.00,40
2023-07-12,313.00,358.00,140850.00,31
2023-07-13,352.00,359.00,158400.00,35
2023-07-14,371.00,361.00,166950.00,37
2023-07-15,328.00,362.00,147600.00,33
2023-07-16,392.00,364.00,176400.00,39
2023-07-17,412.00,365.00,185400.00,41
2023-07-18,367.00,367.00,165150.00,37
2023-07-19,404.00,368.00,181800.00,40
2023-07-20,378.00,369.00,170100.00,38
2023-07-21,332.00,370.00,149400.00,33
2023-07-22,391.00,371.00,175950.00,39
2023-07-23,346.00,372.00,155700.00,35
2023-07-24,385.00,373.00,173250.00,38
2023-07-25,379.00,374.00,170550.00,38
2023-07-26,330.00,375.00,148500.00,33
2023-07-27,351.00,376.00,157950.00,35
2023-07-28,367.00,377.00,165150.00,37
2023-07-29,356.00,378.00,160200.00,36
2023-07-30,358.00,378.00,161100.00,36
2023-07-31,333.00,379.00,149850.00,33
2023-08-01,354.00,380.00,159300.00,35
2023-08-02,422.00,380.00,189900.00,42
2023-08-03,372.00,381.00,167400.00,37
2023-08-04,424.00,381.00,190800.00,42
2023-08-05,401.00,381.00,180450.00,40
2023-08-06,416.00,382.00,187200.00,42
2023-08-07,420.00,382.00,189000.00,42
2023-08-08,418.00,382.00,188100.00,42
2023-08-09,346.00,383.00,155700.00,35
2023-08-10,369.00,383.00,166050.00,37
2023-08-11,399.00,383.00,179550.00,40
2023-08-12,334.00,383.00,150300.00,33
2023-08-13,366.00,383.00,164700.00,37
2023-08-14,342.00,383.00,153900.00,34
2023-08-15,420.00,383.00,189000.00,42
2023-08-16,378.00,383.00,170100.00,38
2023-08-17,424.00,382.00,190800.00,42
2023-08-18,414.00,382.00,186300.00,41
2023-08-19,375.00,382.00,168750.00,38
2023-08-20,412.00,382.00,185400.00,41
2023-08-21,399.00,381.00,179550.00,40
2023-08-22,352.00,381.00,158400.00,35
2023-08-23,346.00,381.00,155700.00,35
2023-08-24,357.00,380.00,160650.00,36
2023-08-25,403.00,380.00,181350.00,40
2023-08-26,378.00,379.00,170100.00,38
2023-08-27,376.00,379.00,169200.00,38
2023-08-28,357.00,379.00,160650.00,36
2023-08-29,360.00,378.00,162000.00,36
2023-08-30,416.00,378.00,187200.00,42
2023-08-31,386.00,377.00,173700.00,39
2023-09-01,361.00,376.00,162450.00,36
2023-09-02,399.00,376.00,179550.00,40
2023-09-03,394.00,375.00,177300.00,39
2023-09-04,375.00,375.00,168750.00,38
2023-09-05,336.00,374.00,151200.00,34
2023-09-06,378.00,374.00,170100.00,38
2023-09-07,402.00,373.00,180900.00,40
2023-09-08,406.00,372.00,182700.00,41
2023-09-09,387.00,372.00,174150.00,39
2023-09-10,322.00,371.00,144900.00,32
2023-09-11,399.00,371.00,179550.00,40
2023-09-12,341.00,370.00,153450.00,34
2023-09-13,364.00,369.00,163800.00,36
2023-09-14,334.00,369.00,150300.00,33
2023-09-15,355.00,368.00,159750.00,36
2023-09-16,330.00,368.00,148500.00,33
2023-09-17,351.00,367.00,157950.00,35
2023-09-18,372.00,367.00,167400.00,37
2023-09-19,377.00,366.00,169650.00,38
2023-09-20,409.00,366.00,184050.00,41
2023-09-21,336.00,365.00,151200.00,34
2023-09-22,400.00,365.00,180000.00,40
2023-09-23,406.00,364.00,182700.00,41
2023-09-24,349.00,364.00,157050.00,35
2023-09-25,365.00,363.00,164250.00,36
2023-09-26,343.00,363.00,154350.00,34
2023-09-27,337.00,363.00,151650.00,34
2023-09-28,390.00,362.00,175500.00,39
2023-09-29,329.00,362.00,148050.00,33
2023-09-30,393.00,362.00,176850.00,39
2023-10-01,334.00,362.00,150300.00,33
2023-10-02,330.00,361.00,148500.00,33
2023-10-03,382.00,361.00,171900.00,38
2023-10-04,386.00,361.00,173700.00,39
2023-10-05,328.00,361.00,147600.00,33
2023-10-06,311.00,361.00,139950.00,31
2023-10-07,331.00,361.00,148950.00,33
2023-10-08,356.00,361.00,160200.00,36
2023-10-09,361.00,361.00,162450.00,36
2023-10-10,311.00,361.00,139950.00,31
2023-10-11,366.00,362.00,164700.00,37
2023-10-12,398.00,362.00,179100.00,40
2023-10-13,326.00,362.00,146700.00,33
2023-10-14,356.00,362.00,160200.00,36
2023-10-15,404.00,363.00,181800.00,40
2023-10-16,364.00,363.00,163800.00,36
2023-10-17,378.00,364.00,170100.00,38
2023-10-18,336.00,364.00,151200.00,34
2023-10-19,410.00,365.00,184500.00,41
2023-10-20,402.00,365.00,180900.00,40
2023-10-21,391.00,366.00,175950.00,39
2023-10-22,372.00,367.00,167400.00,37
2023-10-23,397.00,367.00,178650.00,40
2023-10-24,383.00,368.00,172350.00,38
2023-10-25,325.00,369.00,146250.00,32
2023-10-26,353.00,370.00,158850.00,35
2023-10-27,378.00,371.00,170100.00,38
2023-10-28,325.00,372.00,146250.00,32
2023-10-29,396.00,373.00,178200.00,40
2023-10-30,353.00,374.00,158850.00,35
2023-10-31,416.00,375.00,187200.00,42
2023-11-01,419.00,376.00,188550.00,42
2023-11-02,402.00,377.00,180900.00,40
2023-11-03,361.00,379.00,162450.00,36
2023-11-04,337.00,380.00,151650.00,34
2023-11-05,410.00,381.00,184500.00,41
2023-11-06,384.00,382.00,172800.00,38
2023-11-07,377.00,384.00,169650.00,38
2023-11-08,380.00,385.00,171000.00,38
2023-11-09,353.00,387.00,158850.00,35
2023-11-10,380.00,388.00,171000.00,38
2023-11-11,416.00,390.00,187200.00,42
2023-11-12,408.00,391.00,183600.00,41
2023-11-13,359.00,393.00,161550.00,36
2023-11-14,444.00,395.00,199800.00,44
2023-11-15,402.00,396.00,180900.00,40
2023-11-16,408.00,398.00,183600.00,41
2023-11-17,351.00,400.00,157950.00,35
2023-11-18,424.00,402.00,190800.00,42
2023-11-19,369.00,403.00,166050.00,37
2023-11-20,436.00,405.00,196200.00,44
2023-11-21,399.00,407.00,179550.00,40
2023-11-22,424.00,409.00,190800.00,42
2023-11-23,379.00,411.00,170550.00,38
2023-11-24,450.00,413.00,202500.00,45
2023-11-25,402.00,415.00,180900.00,40
2023-11-26,458.00,417.00,206100.00,46
2023-11-27,427.00,419.00,192150.00,43
2023-11-28,385.00,421.00,173250.00,38
2023-11-29,437.00,422.00,196650.00,44
2023-11-30,399.00,424.00,179550.00,40
2023-12-01,393.00,426.00,176850.00,39
2023-12-02,415.00,428.00,186750.00,42
2023-12-03,427.00,430.00,192150.00,43
2023-12-04,460.00,432.00,207000.00,46
2023-12-05,396.00,434.00,178200.00,40
2023-12-06,399.00,436.00,179550.00,40
2023-12-07,441.00,438.00,198450.00,44
2023-12-08,413.00,440.00,185850.00,41
2023-12-09,411.00,442.00,184950.00,41
2023-12-10,402.00,444.00,180900.00,40
2023-12-11,422.00,446.00,189900.00,42
2023-12-12,434.00,448.00,195300.00,43
2023-12-13,434.00,450.00,195300.00,43
2023-12-14,492.00,452.00,221400.00,49
2023-12-15,446.00,454.00,200700.00,45
2023-12-16,477.00,456.00,214650.00,48
2023-12-17,445.00,458.00,200250.00,44
2023-12-18,503.00,459.00,226350.00,50
2023-12-19,446.00,461.00,200700.00,45
2023-12-20,441.00,463.00,198450.00,44
2023-12-21,439.00,465.00,197550.00,44
2023-12-22,467.00,466.00,210150.00,47
2023-12-23,447.00,468.00,201150.00,45
2023-12-24,486.00,470.00,218700.00,49
2023-12-25,479.00,471.00,215550.00,48
2023-12-26,481.00,473.00,216450.00,48
2023-12-27,439.00,474.00,197550.00,44
2023-12-28,442.00,476.00,198900.00,44
2023-12-29,439.00,477.00,197550.00,44
2023-12-30,519.00,479.00,233550.00,52
2023-12-31,431.00,480.00,193950.00,43
2024-01-01,500.00,481.00,225000.00,50
2024-01-02,432.00,482.00,194400.00,43
2024-01-03,473.00,484.00,212850.00,47
2024-01-04,455.00,485.00,204750.00,46
2024-01-05,519.00,486.00,233550.00,52
2024-01-06,453.00,487.00,203850.00,45
2024-01-07,503.00,488.00,226350.00,50
2024-01-08,535.00,489.00,240750.00,54
2024-01-09,450.00,490.00,202500.00,45
2024-01-10,450.00,491.00,202500.00,45
2024-01-11,455.00,491.00,204750.00,46
2024-01-12,484.00,492.00,217800.00,48
2024-01-13,500.00,493.00,225000.00,50
2024-01-14,459.00,493.00,206550.00,46
2024-01-15,508.00,494.00,228600.00,51
2024-01-16,532.00,494.00,239400.00,53
2024-01-17,509.00,495.00,229050.00,51
2024-01-18,536.00,495.00,241200.00,54
2024-01-19,527.00,495.00,237150.00,53
2024-01-20,543.00,495.00,244350.00,54
2024-01-21,489.00,496.00,220050.00,49
2024-01-22,519.00,496.00,233550.00,52
2024-01-23,475.00,496.00,213750.00,48
2024-01-24,455.00,496.00,204750.00,46
2024-01-25,528.00,495.00,237600.00,53
2024-01-26,450.00,495.00,202500.00,45
2024-01-27,501.00,495.00,225450.00,50
2024-01-28,537.00,495.00,241650.00,54
2024-01-29,507.00,494.00,228150.00,51
2024-01-30,453.00,494.00,203850.00,45
2024-01-31,470.00,493.00,211500.00,47
2024-02-01,534.00,493.00,240300.00,53
2024-02-02,504.00,492.00,226800.00,50
2024-02-03,466.00,492.00,209700.00,47
2024-02-04,521.00,491.00,234450.00,52
2024-02-05,504.00,490.00,226800.00,50
2024-02-06,467.00,489.00,210150.00,47
2024-02-07,464.00,488.00,208800.00,46
2024-02-08,502.00,487.00,225900.00,50
2024-02-09,528.00,486.00,237600.00,53
2024-02-10,462.00,485.00,207900.00,46
2024-02-11,466.00,484.00,209700.00,47
2024-02-12,507.00,483.00,228150.00,51
2024-02-13,465.00,482.00,209250.00,46
2024-02-14,524.00,480.00,235800.00,52
2024-02-15,440.00,479.00,198000.00,44
2024-02-16,429.00,477.00,193050.00,43
2024-02-17,485.00,476.00,218250.00,48
2024-02-18,481.00,474.00,216450.00,48
2024-02-19,480.00,473.00,216000.00,48
2024-02-20,451.00,471.00,202950.00,45
2024-02-21,507.00,470.00,228150.00,51
2024-02-22,465.00,468.00,209250.00,46
2024-02-23,459.00,466.00,206550.00,46
2024-02-24,421.00,465.00,189450.00,42
2024-02-25,508.00,463.00,228600.00,51
2024-02-26,465.00,461.00,209250.00,46
2024-02-27,504.00,459.00,226800.00,50
2024-02-28,430.00,457.00,193500.00,43
2024-02-29,419.00,455.00,188550.00,42
2024-03-01,453.00,453.00,203850.00,45
2024-03-02,467.00,451.00,210150.00,47
2024-03-03,466.00,449.00,209700.00,47
2024-03-04,443.00,447.00,199350.00,44
2024-03-05,491.00,445.00,220950.00,49
2024-03-06,410.00,443.00,184500.00,41
2024-03-07,431.00,441.00,193950.00,43
2024-03-08,407.00,439.00,183150.00,41
2024-03-09,447.00,437.00,201150.00,45
2024-03-10,386.00,435.00,173700.00,39
2024-03-11,467.00,433.00,210150.00,47
2024-03-12,453.00,431.00,203850.00,45
2024-03-13,465.00,428.00,209250.00,46
2024-03-14,450.00,426.00,202500.00,45
2024-03-15,446.00,424.00,200700.00,45
2024-03-16,464.00,422.00,208800.00,46
2024-03-17,443.00,420.00,199350.00,44
2024-03-18,429.00,418.00,193050.00,43
2024-03-19,417.00,416.00,187650.00,42
2024-03-20,411.00,413.00,184950.00,41
2024-03-21,456.00,411.00,205200.00,46
2024-03-22,380.00,409.00,171000.00,38
2024-03-23,391.00,407.00,175950.00,39
2024-03-24,437.00,405.00,196650.00,44
2024-03-25,450.00,403.00,202500.00,45
2024-03-26,383.00,401.00,172350.00,38
2024-03-27,368.00,399.00,165600.00,37
2024-03-28,360.00,397.00,162000.00,36
2024-03-29,352.00,395.00,158400.00,35
2024-03-30,391.00,393.00,175950.00,39
2024-03-31,350.00,391.00,157500.00,35
2024-04-01,436.00,389.00,196200.00,44
2024-04-02,359.00,388.00,161550.00,36
2024-04-03,378.00,386.00,170100.00,38
2024-04-04,365.00,384.00,164250.00,36
2024-04-05,414.00,382.00,186300.00,41
2024-04-06,410.00,380.00,184500.00,41
2024-04-07,333.00,379.00,149850.00,33
2024-04-08,367.00,377.00,165150.00,37
2024-04-09,408.00,376.00,183600.00,41
2024-04-10,391.00,374.00,175950.00,39
2024-04-11,325.00,373.00,146250.00,32
2024-04-12,410.00,371.00,184500.00,41
2024-04-13,409.00,370.00,184050.00,41
2024-04-14,404.00,368.00,181800.00,40
2024-04-15,396.00,367.00,178200.00,40
2024-04-16,330.00,366.00,148500.00,33
2024-04-17,403.00,365.00,181350.00,40
2024-04-18,323.00,363.00,145350.00,32
2024-04-19,404.00,362.00,181800.00,40
2024-04-20,314.00,361.00,141300.00,31
2024-04-21,350.00,360.00,157500.00,35
2024-04-22,350.00,359.00,157500.00,35
2024-04-23,349.00,358.00,157050.00,35
2024-04-24,336.00,357.00,151200.00,34
2024-04-25,387.00,357.00,174150.00,39
2024-04-26,323.00,356.00,145350.00,32
2024-04-27,342.00,355.00,153900.00,34
2024-04-28,338.00,355.00,152100.00,34
2024-04-29,346.00,354.00,155700.00,35
2024-04-30,343.00,354.00,154350.00,34
2024-05-01,393.00,353.00,176850.00,39
2024-05-02,389.00,353.00,175050.00,39
2024-05-03,306.00,352.00,137700.00,31
2024-05-04,357.00,352.00,160650.00,36
2024-05-05,351.00,352.00,157950.00,35
2024-05-06,344.00,352.00,154800.00,34
2024-05-07,303.00,351.00,136350.00,30
2024-05-08,371.00,351.00,166950.00,37
2024-05-09,332.00,351.00,149400.00,33
2024-05-10,316.00,351.00,142200.00,32
2024-05-11,309.00,351.00,139050.00,31
2024-05-12,355.00,352.00,159750.00,36
2024-05-13,369.00,352.00,166050.00,37
2024-05-14,345.00,352.00,155250.00,34
2024-05-15,323.00,352.00,145350.00,32
2024-05-16,331.00,353.00,148950.00,33
2024-05-17,330.00,353.00,148500.00,33
2024-05-18,359.00,353.00,161550.00,36
2024-05-19,359.00,354.00,161550.00,36
2024-05-20,396.00,354.00,178200.00,40
2024-05-21,313.00,355.00,140850.00,31
2024-05-22,356.00,356.00,160200.00,36
2024-05-23,313.00,356.00,140850.00,31
2024-05-24,316.00,357.00,142200.00,32
2024-05-25,397.00,358.00,178650.00,40
2024-05-26,309.00,358.00,139050.00,31
2024-05-27,384.00,359.00,172800.00,38
2024-05-28,330.00,360.00,148500.00,33
2024-05-29,324.00,361.00,145800.00,32
2024-05-30,353.00,362.00,158850.00,35
2024-05-31,387.00,363.00,174150.00,39
2024-06-01,350.00,364.00,157500.00,35
2024-06-02,361.00,365.00,162450.00,36
2024-06-03,369.00,366.00,166050.00,37
2024-06-04,342.00,367.00,153900.00,34
2024-06-05,393.00,368.00,176850.00,39
2024-06-06,322.00,369.00,144900.00,32
2024-06-07,378.00,370.00,170100.00,38
2024-06-08,365.00,371.00,164250.00,36
2024-06-09,330.00,372.00,148500.00,33
2024-06-10,387.00,373.00,174150.00,39
2024-06-11,414.00,375.00,186300.00,41
2024-06-12,346.00,376.00,155700.00,35
2024-06-13,392.00,377.00,176400.00,39
2024-06-14,366.00,378.00,164700.00,37
2024-06-15,427.00,379.00,192150.00,43
2024-06-16,403.00,381.00,181350.00,40
2024-06-17,355.00,382.00,159750.00,36
2024-06-18,414.00,383.00,186300.00,41
2024-06-19,367.00,384.00,165150.00,37
2024-06-20,402.00,385.00,180900.00,40
2024-06-21,387.00,387.00,174150.00,39
2024-06-22,357.00,388.00,160650.00,36
2024-06-23,376.00,389.00,169200.00,38
2024-06-24,424.00,390.00,190800.00,42
2024-06-25,375.00,391.00,168750.00,38
2024-06-26,387.00,392.00,174150.00,39
2024-06-27,420.00,394.00,189000.00,42
2024-06-28,412.00,395.00,185400.00,41
2024-06-29,414.00,396.00,186300.00,41
2024-06-30,395.00,397.00,177750.00,40
2024-07-01,409.00,398.00,184050.00,41
2024-07-02,447.00,399.00,201150.00,45
2024-07-03,383.00,400.00,172350.00,38
2024-07-04,427.00,401.00,192150.00,43
2024-07-05,443.00,402.00,199350.00,44
2024-07-06,452.00,403.00,203400.00,45
2024-07-07,449.00,404.00,202050.00,45
2024-07-08,381.00,405.00,171450.00,38
2024-07-09,395.00,405.00,177750.00,40
2024-07-10,409.00,406.00,184050.00,41
2024-07-11,437.00,407.00,196650.00,44
2024-07-12,433.00,408.00,194850.00,43
2024-07-13,417.00,408.00,187650.00,42
2024-07-14,391.00,409.00,175950.00,39
2024-07-15,457.00,410.00,205650.00,46
2024-07-16,431.00,410.00,193950.00,43
2024-07-17,424.00,411.00,190800.00,42
2024-07-18,386.00,411.00,173700.00,39
2024-07-19,379.00,412.00,170550.00,38
2024-07-20,430.00,412.00,193500.00,43
2024-07-21,387.00,412.00,174150.00,39
2024-07-22,412.00,413.00,185400.00,41
2024-07-23,441.00,413.00,198450.00,44
2024-07-24,408.00,413.00,183600.00,41
2024-07-25,374.00,413.00,168300.00,37
2024-07-26,379.00,414.00,170550.00,38
2024-07-27,364.00,414.00,163800.00,36
2024-07-28,442.00,414.00,198900.00,44
2024-07-29,390.00,414.00,175500.00,39
2024-07-30,442.00,414.00,198900.00,44
2024-07-31,456.00,414.00,205200.00,46
2024-08-01,443.00,413.00,199350.00,44
2024-08-02,417.00,413.00,187650.00,42
2024-08-03,410.00,413.00,184500.00,41
2024-08-04,401.00,413.00,180450.00,40
2024-08-05,405.00,412.00,182250.00,40
2024-08-06,387.00,412.00,174150.00,39
2024-08-07,400.00,412.00,180000.00,40
2024-08-08,438.00,411.00,197100.00,44
2024-08-09,371.00,411.00,166950.00,37
2024-08-10,385.00,410.00,173250.00,38
2024-08-11,436.00,409.00,196200.00,44
2024-08-12,374.00,409.00,168300.00,37
2024-08-13,443.00,408.00,199350.00,44
2024-08-14,366.00,407.00,164700.00,37
2024-08-15,412.00,407.00,185400.00,41
2024-08-16,369.00,406.00,166050.00,37
2024-08-17,381.00,405.00,171450.00,38
2024-08-18,370.00,404.00,166500.00,37
2024-08-19,405.00,403.00,182250.00,40
2024-08-20,352.00,402.00,158400.00,35
2024-08-21,409.00,401.00,184050.00,41
2024-08-22,374.00,400.00,168300.00,37
2024-08-23,387.00,399.00,174150.00,39
2024-08-24,433.00,398.00,194850.00,43
2024-08-25,385.00,397.00,173250.00,38
2024-08-26,412.00,396.00,185400.00,41
2024-08-27,430.00,394.00,193500.00,43
2024-08-28,419.00,393.00,188550.00,42
2024-08-29,398.00,392.00,179100.00,40
2024-08-30,405.00,391.00,182250.00,40
2024-08-31,392.00,390.00,176400.00,39
2024-09-01,434.00,388.00,195300.00,43
2024-09-02,379.00,387.00,170550.00,38
2024-09-03,371.00,386.00,166950.00,37
2024-09-04,366.00,384.00,164700.00,37
2024-09-05,424.00,383.00,190800.00,42
2024-09-06,380.00,382.00,171000.00,38
2024-09-07,409.00,380.00,184050.00,41
2024-09-08,400.00,379.00,180000.00,40
2024-09-09,418.00,377.00,188100.00,42
2024-09-10,418.00,376.00,188100.00,42
2024-09-11,381.00,375.00,171450.00,38
2024-09-12,383.00,373.00,172350.00,38
2024-09-13,414.00,372.00,186300.00,41
2024-09-14,368.00,370.00,165600.00,37
2024-09-15,326.00,369.00,146700.00,33
2024-09-16,396.00,368.00,178200.00,40
2024-09-17,381.00,366.00,171450.00,38
2024-09-18,359.00,365.00,161550.00,36
2024-09-19,379.00,364.00,170550.00,38
2024-09-20,356.00,362.00,160200.00,36
2024-09-21,328.00,361.00,147600.00,33
2024-09-22,373.00,360.00,167850.00,37
2024-09-23,367.00,358.00,165150.00,37
2024-09-24,355.00,357.00,159750.00,36
2024-09-25,352.00,356.00,158400.00,35
2024-09-26,340.00,355.00,153000.00,34
2024-09-27,306.00,354.00,137700.00,31
2024-09-28,354.00,352.00,159300.00,35
2024-09-29,354.00,351.00,159300.00,35
2024-09-30,307.00,350.00,138150.00,31
2024-10-01,350.00,349.00,157500.00,35
2024-10-02,332.00,348.00,149400.00,33
2024-10-03,353.00,347.00,158850.00,35
2024-10-04,323.00,346.00,145350.00,32
2024-10-05,334.00,345.00,150300.00,33
2024-10-06,332.00,344.00,149400.00,33
2024-10-07,345.00,344.00,155250.00,34
2024-10-08,312.00,343.00,140400.00,31
2024-10-09,382.00,342.00,171900.00,38
2024-10-10,337.00,341.00,151650.00,34
2024-10-11,341.00,341.00,153450.00,34
2024-10-12,328.00,340.00,147600.00,33
2024-10-13,378.00,340.00,170100.00,38
2024-10-14,302.00,339.00,135900.00,30
2024-10-15,292.00,339.00,131400.00,29
2024-10-16,374.00,338.00,168300.00,37
2024-10-17,350.00,338.00,157500.00,35
2024-10-18,382.00,338.00,171900.00,38
2024-10-19,310.00,338.00,139500.00,31
2024-10-20,313.00,337.00,140850.00,31
2024-10-21,308.00,337.00,138600.00,31
2024-10-22,290.00,337.00,130500.00,29
2024-10-23,363.00,337.00,163350.00,36
2024-10-24,369.00,338.00,166050.00,37
2024-10-25,369.00,338.00,166050.00,37
2024-10-26,367.00,338.00,165150.00,37
2024-10-27,299.00,338.00,134550.00,30
2024-10-28,329.00,339.00,148050.00,33
2024-10-29,368.00,339.00,165600.00,37
2024-10-30,293.00,339.00,131850.00,29
2024-10-31,354.00,340.00,159300.00,35
2024-11-01,379.00,341.00,170550.00,38
2024-11-02,385.00,341.00,173250.00,38
2024-11-03,339.00,342.00,152550.00,34
2024-11-04,300.00,343.00,135000.00,30
2024-11-05,391.00,344.00,175950.00,39
2024-11-06,342.00,345.00,153900.00,34
2024-11-07,379.00,346.00,170550.00,38
2024-11-08,380.00,347.00,171000.00,38
2024-11-09,322.00,348.00,144900.00,32
2024-11-10,318.00,349.00,143100.00,32
2024-11-11,348.00,350.00,156600.00,35
2024-11-12,375.00,351.00,168750.00,38
2024-11-13,348.00,353.00,156600.00,35
2024-11-14,306.00,354.00,137700.00,31
2024-11-15,309.00,356.00,139050.00,31
2024-11-16,317.00,357.00,142650.00,32
2024-11-17,408.00,359.00,183600.00,41
2024-11-18,311.00,360.00,139950.00,31
2024-11-19,325.00,362.00,146250.00,32
2024-11-20,327.00,364.00,147150.00,33
2024-11-21,384.00,366.00,172800.00,38
2024-11-22,345.00,368.00,155250.00,34
2024-11-23,413.00,369.00,185850.00,41
2024-11-24,389.00,371.00,175050.00,39
2024-11-25,381.00,373.00,171450.00,38
2024-11-26,403.00,376.00,181350.00,40
2024-11-27,336.00,378.00,151200.00,34
2024-11-28,424.00,380.00,190800.00,42
2024-11-29,385.00,382.00,173250.00,38
2024-11-30,421.00,384.00,189450.00,42
2024-12-01,360.00,387.00,162000.00,36
2024-12-02,387.00,389.00,174150.00,39
2024-12-03,423.00,391.00,190350.00,42
2024-12-04,414.00,394.00,186300.00,41
2024-12-05,381.00,396.00,171450.00,38
2024-12-06,416.00,399.00,187200.00,42
2024-12-07,420.00,401.00,189000.00,42
2024-12-08,429.00,404.00,193050.00,43
2024-12-09,433.00,406.00,194850.00,43
2024-12-10,432.00,409.00,194400.00,43
2024-12-11,423.00,411.00,190350.00,42
2024-12-12,442.00,414.00,198900.00,44
2024-12-13,370.00,417.00,166500.00,37
2024-12-14,463.00,419.00,208350.00,46
2024-12-15,452.00,422.00,203400.00,45
2024-12-16,425.00,425.00,191250.00,42
2024-12-17,462.00,427.00,207900.00,46
2024-12-18,469.00,430.00,211050.00,47
2024-12-19,435.00,433.00,195750.00,44
2024-12-20,466.00,436.00,209700.00,47
2024-12-21,433.00,438.00,194850.00,43
2024-12-22,462.00,441.00,207900.00,46
2024-12-23,462.00,444.00,207900.00,46
2024-12-24,448.00,447.00,201600.00,45
2024-12-25,493.00,449.00,221850.00,49
2024-12-26,451.00,452.00,202950.00,45
2024-12-27,450.00,455.00,202500.00,45
2024-12-28,445.00,457.00,200250.00,44
2024-12-29,422.00,460.00,189900.00,42
2024-12-30,483.00,463.00,217350.00,48
2024-12-31,470.00,466.00,211500.00,47
2025-01-01,486.00,468.00,218700.00,49
2025-01-02,497.00,471.00,223650.00,50
2025-01-03,455.00,473.00,204750.00,46
2025-01-04,475.00,476.00,213750.00,48
2025-01-05,459.00,479.00,206550.00,46
2025-01-06,516.00,481.00,232200.00,52
2025-01-07,461.00,484.00,207450.00,46
2025-01-08,465.00,486.00,209250.00,46
2025-01-09,465.00,489.00,209250.00,46
2025-01-10,464.00,491.00,208800.00,46
2025-01-11,467.00,494.00,210150.00,47
2025-01-12,467.00,496.00,210150.00,47
2025-01-13,513.00,498.00,230850.00,51
2025-01-14,498.00,501.00,224100.00,50
2025-01-15,510.00,503.00,229500.00,51
2025-01-16,503.00,505.00,226350.00,50
2025-01-17,545.00,507.00,245250.00,54
2025-01-18,526.00,509.00,236700.00,53
2025-01-19,553.00,511.00,248850.00,55
2025-01-20,512.00,513.00,230400.00,51
2025-01-21,505.00,515.00,227250.00,50
2025-01-22,483.00,517.00,217350.00,48
2025-01-23,500.00,519.00,225000.00,50
2025-01-24,476.00,521.00,214200.00,48
2025-01-25,548.00,523.00,246600.00,55
2025-01-26,560.00,525.00,252000.00,56
2025-01-27,504.00,526.00,226800.00,50
2025-01-28,562.00,528.00,252900.00,56
2025-01-29,541.00,530.00,243450.00,54
2025-01-30,493.00,531.00,221850.00,49
2025-01-31,538.00,533.00,242100.00,54
2025-02-01,513.00,534.00,230850.00,51
2025-02-02,551.00,536.00,247950.00,55
2025-02-03,524.00,537.00,235800.00,52
2025-02-04,531.00,538.00,238950.00,53
2025-02-05,582.00,539.00,261900.00,58
2025-02-06,550.00,540.00,247500.00,55
2025-02-07,524.00,542.00,235800.00,52
2025-02-08,521.00,543.00,234450.00,52
2025-02-09,589.00,544.00,265050.00,59
2025-02-10,558.00,545.00,251100.00,56
2025-02-11,547.00,545.00,246150.00,55
2025-02-12,586.00,546.00,263700.00,59
2025-02-13,558.00,547.00,251100.00,56
2025-02-14,550.00,548.00,247500.00,55
2025-02-15,538.00,548.00,242100.00,54
2025-02-16,541.00,549.00,243450.00,54
2025-02-17,545.00,550.00,245250.00,54
2025-02-18,549.00,550.00,247050.00,55
2025-02-19,579.00,551.00,260550.00,58
2025-02-20,593.00,551.00,266850.00,59
2025-02-21,564.00,551.00,253800.00,56
2025-02-22,585.00,552.00,263250.00,58
2025-02-23,594.00,552.00,267300.00,59
2025-02-24,596.00,552.00,268200.00,60
2025-02-25,553.00,552.00,248850.00,55
2025-02-26,577.00,552.00,259650.00,58
2025-02-27,578.00,552.00,260100.00,58
2025-02-28,542.00,552.00,243900.00,54
2025-03-01,568.00,552.00,255600.00,57
2025-03-02,509.00,552.00,229050.00,51
2025-03-03,516.00,552.00,232200.00,52
2025-03-04,566.00,552.00,254700.00,57
2025-03-05,522.00,552.00,234900.00,52
2025-03-06,601.00,552.00,270450.00,60
2025-03-07,564.00,551.00,253800.00,56
2025-03-08,501.00,551.00,225450.00,50
2025-03-09,571.00,551.00,256950.00,57
2025-03-10,522.00,551.00,234900.00,52
2025-03-11,586.00,550.00,263700.00,59
2025-03-12,594.00,550.00,267300.00,59
2025-03-13,518.00,549.00,233100.00,52
2025-03-14,563.00,549.00,253350.00,56
2025-03-15,557.00,548.00,250650.00,56
2025-03-16,508.00,548.00,228600.00,51
2025-03-17,552.00,547.00,248400.00,55
2025-03-18,584.00,547.00,262800.00,58
2025-03-19,515.00,546.00,231750.00,52
2025-03-20,514.00,546.00,231300.00,51
2025-03-21,498.00,545.00,224100.00,50
2025-03-22,585.00,545.00,263250.00,58
2025-03-23,531.00,544.00,238950.00,53
2025-03-24,556.00,543.00,250200.00,56
2025-03-25,585.00,543.00,263250.00,58
2025-03-26,575.00,542.00,258750.00,58
2025-03-27,589.00,542.00,265050.00,59
2025-03-28,518.00,541.00,233100.00,52
2025-03-29,495.00,540.00,222750.00,50
2025-03-30,530.00,540.00,238500.00,53
2025-03-31,502.00,539.00,225900.00,50
2025-04-01,559.00,539.00,251550.00,56
2025-04-02,534.00,538.00,240300.00,53
2025-04-03,526.00,538.00,236700.00,53
2025-04-04,502.00,537.00,225900.00,50
2025-04-05,555.00,536.00,249750.00,56
2025-04-06,554.00,536.00,249300.00,55
2025-04-07,500.00,535.00,225000.00,50
2025-04-08,550.00,535.00,247500.00,55
2025-04-09,512.00,534.00,230400.00,51
2025-04-10,501.00,534.00,225450.00,50
2025-04-11,574.00,534.00,258300.00,57
2025-04-12,522.00,533.00,234900.00,52
2025-04-13,485.00,533.00,218250.00,48
2025-04-14,543.00,532.00,244350.00,54
2025-04-15,514.00,532.00,231300.00,51
2025-04-16,483.00,532.00,217350.00,48
2025-04-17,574.00,532.00,258300.00,57
2025-04-18,564.00,531.00,253800.00,56
2025-04-19,489.00,531.00,220050.00,49
2025-04-20,499.00,531.00,224550.00,50
2025-04-21,540.00,531.00,243000.00,54
2025-04-22,490.00,531.00,220500.00,49
2025-04-23,570.00,531.00,256500.00,57
2025-04-24,541.00,531.00,243450.00,54
2025-04-25,492.00,531.00,221400.00,49
2025-04-26,514.00,531.00,231300.00,51
2025-04-27,561.00,531.00,252450.00,56
2025-04-28,573.00,531.00,257850.00,57
2025-04-29,548.00,531.00,246600.00,55
2025-04-30,486.00,532.00,218700.00,49
2025-05-01,511.00,532.00,229950.00,51
2025-05-02,490.00,532.00,220500.00,49
2025-05-03,486.00,533.00,218700.00,49
2025-05-04,548.00,533.00,246600.00,55
2025-05-05,522.00,534.00,234900.00,52
2025-05-06,534.00,534.00,240300.00,53
2025-05-07,567.00,535.00,255150.00,57
2025-05-08,584.00,535.00,262800.00,58
2025-05-09,564.00,536.00,253800.00,56
2025-05-10,518.00,537.00,233100.00,52
2025-05-11,491.00,537.00,220950.00,49
2025-05-12,538.00,538.00,242100.00,54
2025-05-13,496.00,539.00,223200.00,50
2025-05-14,494.00,540.00,222300.00,49
2025-05-15,536.00,541.00,241200.00,54
2025-05-16,532.00,542.00,239400.00,53
2025-05-17,587.00,543.00,264150.00,59
2025-05-18,556.00,544.00,250200.00,56
2025-05-19,508.00,545.00,228600.00,51
2025-05-20,568.00,546.00,255600.00,57
2025-05-21,550.00,548.00,247500.00,55
2025-05-22,597.00,549.00,268650.00,60
2025-05-23,541.00,550.00,243450.00,54
2025-05-24,588.00,551.00,264600.00,59
2025-05-25,534.00,553.00,240300.00,53
2025-05-26,512.00,554.00,230400.00,51
2025-05-27,508.00,556.00,228600.00,51
2025-05-28,583.00,557.00,262350.00,58
2025-05-29,601.00,559.00,270450.00,60
2025-05-30,561.00,560.00,252450.00,56
2025-05-31,591.00,562.00,265950.00,59
2025-06-01,580.00,564.00,261000.00,58
2025-06-02,601.00,565.00,270450.00,60
2025-06-03,606.00,567.00,272700.00,61
2025-06-04,562.00,569.00,252900.00,56
2025-06-05,521.00,570.00,234450.00,52
2025-06-06,592.00,572.00,266400.00,59
2025-06-07,542.00,574.00,243900.00,54
2025-06-08,622.00,576.00,279900.00,62
2025-06-09,569.00,578.00,256050.00,57
2025-06-10,625.00,580.00,281250.00,62
2025-06-11,594.00,581.00,267300.00,59
2025-06-12,585.00,583.00,263250.00,58
2025-06-13,630.00,585.00,283500.00,63
2025-06-14,547.00,587.00,246150.00,55
2025-06-15,600.00,589.00,270000.00,60
2025-06-16,541.00,591.00,243450.00,54
2025-06-17,555.00,593.00,249750.00,56
2025-06-18,594.00,595.00,267300.00,59
2025-06-19,620.00,597.00,279000.00,62
2025-06-20,643.00,599.00,289350.00,64
2025-06-21,618.00,601.00,278100.00,62
2025-06-22,645.00,603.00,290250.00,64
2025-06-23,583.00,605.00,262350.00,58
2025-06-24,606.00,607.00,272700.00,61
2025-06-25,577.00,609.00,259650.00,58
2025-06-26,595.00,611.00,267750.00,60
2025-06-27,568.00,613.00,255600.00,57
2025-06-28,662.00,615.00,297900.00,66
2025-06-29,618.00,617.00,278100.00,62
2025-06-30,659.00,619.00,296550.00,66
2025-07-01,598.00,621.00,269100.00,60
2025-07-02,601.00,623.00,270450.00,60
2025-07-03,586.00,624.00,263700.00,59
2025-07-04,644.00,626.00,289800.00,64
2025-07-05,657.00,628.00,295650.00,66
2025-07-06,607.00,630.00,273150.00,61
2025-07-07,644.00,632.00,289800.00,64
2025-07-08,646.00,633.00,290700.00,65
2025-07-09,668.00,635.00,300600.00,67
2025-07-10,630.00,637.00,283500.00,63
2025-07-11,663.00,639.00,298350.00,66
2025-07-12,614.00,640.00,276300.00,61
2025-07-13,605.00,642.00,272250.00,60
2025-07-14,639.00,643.00,287550.00,64
2025-07-15,656.00,645.00,295200.00,66
2025-07-16,683.00,646.00,307350.00,68
2025-07-17,693.00,648.00,311850.00,69
2025-07-18,693.00,649.00,311850.00,69
2025-07-19,641.00,650.00,288450.00,64
2025-07-20,658.00,652.00,296100.00,66
2025-07-21,636.00,653.00,286200.00,64
2025-07-22,631.00,654.00,283950.00,63
2025-07-23,620.00,655.00,279000.00,62
2025-07-24,697.00,656.00,313650.00,70
2025-07-25,703.00,657.00,316350.00,70
2025-07-26,685.00,658.00,308250.00,68
2025-07-27,621.00,659.00,279450.00,62
2025-07-28,644.00,660.00,289800.00,64
2025-07-29,624.00,661.00,280800.00,62
2025-07-30,655.00,661.00,294750.00,66
2025-07-31,616.00,662.00,277200.00,62
2025-08-01,640.00,663.00,288000.00,64
2025-08-02,651.00,663.00,292950.00,65
2025-08-03,626.00,664.00,281700.00,63
2025-08-04,658.00,664.00,296100.00,66
2025-08-05,672.00,664.00,302400.00,67
2025-08-06,642.00,665.00,288900.00,64
2025-08-07,676.00,665.00,304200.00,68
2025-08-08,629.00,665.00,283050.00,63
2025-08-09,710.00,665.00,319500.00,71
2025-08-10,713.00,665.00,320850.00,71
2025-08-11,705.00,665.00,317250.00,70
2025-08-12,680.00,665.00,306000.00,68
2025-08-13,634.00,665.00,285300.00,63
2025-08-14,696.00,665.00,313200.00,70
2025-08-15,665.00,665.00,299250.00,66
2025-08-16,681.00,664.00,306450.00,68
2025-08-17,696.00,664.00,313200.00,70
2025-08-18,644.00,663.00,289800.00,64
2025-08-19,617.00,663.00,277650.00,62
2025-08-20,659.00,662.00,296550.00,66
2025-08-21,640.00,662.00,288000.00,64
2025-08-22,671.00,661.00,301950.00,67
2025-08-23,660.00,660.00,297000.00,66
2025-08-24,650.00,659.00,292500.00,65
2025-08-25,649.00,658.00,292050.00,65
2025-08-26,704.00,657.00,316800.00,70
2025-08-27,639.00,656.00,287550.00,64
2025-08-28,675.00,655.00,303750.00,68
2025-08-29,698.00,654.00,314100.00,70
2025-08-30,670.00,653.00,301500.00,67
2025-08-31,700.00,652.00,315000.00,70
2025-09-01,608.00,651.00,273600.00,61
2025-09-02,688.00,649.00,309600.00,69
2025-09-03,634.00,648.00,285300.00,63
2025-09-04,668.00,646.00,300600.00,67
2025-09-05,625.00,645.00,281250.00,62
2025-09-06,624.00,643.00,280800.00,62
2025-09-07,631.00,642.00,283950.00,63
2025-09-08,639.00,640.00,287550.00,64
2025-09-09,634.00,639.00,285300.00,63
2025-09-10,620.00,637.00,279000.00,62
2025-09-11,594.00,635.00,267300.00,59
2025-09-12,626.00,633.00,281700.00,63
2025-09-13,671.00,631.00,301950.00,67
2025-09-14,621.00,630.00,279450.00,62
2025-09-15,623.00,628.00,280350.00,62
2025-09-16,639.00,626.00,287550.00,64
2025-09-17,596.00,624.00,268200.00,60
2025-09-18,671.00,622.00,301950.00,67
2025-09-19,647.00,620.00,291150.00,65
2025-09-20,667.00,618.00,300150.00,67
2025-09-21,623.00,616.00,280350.00,62
2025-09-22,595.00,614.00,267750.00,60
2025-09-23,604.00,612.00,271800.00,60
2025-09-24,631.00,610.00,283950.00,63
2025-09-25,624.00,608.00,280800.00,62
2025-09-26,590.00,605.00,265500.00,59
2025-09-27,637.00,603.00,286650.00,64
2025-09-28,622.00,601.00,279900.00,62
2025-09-29,622.00,599.00,279900.00,62
2025-09-30,599.00,597.00,269550.00,60
2025-10-01,563.00,595.00,253350.00,56
2025-10-02,568.00,593.00,255600.00,57
2025-10-03,599.00,591.00,269550.00,60
2025-10-04,556.00,588.00,250200.00,56
2025-10-05,616.00,586.00,277200.00,62
2025-10-06,607.00,584.00,273150.00,61
2025-10-07,589.00,582.00,265050.00,59
2025-10-08,624.00,580.00,280800.00,62
2025-10-09,586.00,578.00,263700.00,59
2025-10-10,581.00,576.00,261450.00,58
2025-10-11,586.00,574.00,263700.00,59
2025-10-12,574.00,572.00,258300.00,57
2025-10-13,560.00,570.00,252000.00,56
2025-10-14,606.00,568.00,272700.00,61
2025-10-15,587.00,566.00,264150.00,59
2025-10-16,600.00,564.00,270000.00,60
2025-10-17,609.00,562.00,274050.00,61
2025-10-18,543.00,560.00,244350.00,54
2025-10-19,559.00,558.00,251550.00,56
2025-10-20,559.00,556.00,251550.00,56
2025-10-21,555.00,554.00,249750.00,56
2025-10-22,538.00,553.00,242100.00,54
2025-10-23,501.00,551.00,225450.00,50
2025-10-24,543.00,549.00,244350.00,54
2025-10-25,548.00,548.00,246600.00,55
2025-10-26,593.00,546.00,266850.00,59
2025-10-27,580.00,544.00,261000.00,58
2025-10-28,521.00,543.00,234450.00,52
2025-10-29,522.00,541.00,234900.00,52
2025-10-30,571.00,540.00,256950.00,57
2025-10-31,565.00,539.00,254250.00,56
2025-11-01,563.00,537.00,253350.00,56
2025-11-02,504.00,536.00,226800.00,50
2025-11-03,549.00,535.00,247050.00,55
2025-11-04,565.00,534.00,254250.00,56
2025-11-05,532.00,532.00,239400.00,53
2025-11-06,482.00,531.00,216900.00,48
2025-11-07,504.00,530.00,226800.00,50
2025-11-08,570.00,529.00,256500.00,57
2025-11-09,557.00,528.00,250650.00,56
2025-11-10,484.00,528.00,217800.00,48
2025-11-11,481.00,527.00,216450.00,48
2025-11-12,516.00,526.00,232200.00,52
2025-11-13,536.00,525.00,241200.00,54
2025-11-14,505.00,525.00,227250.00,50
2025-11-15,519.00,524.00,233550.00,52
2025-11-16,498.00,523.00,224100.00,50
2025-11-17,487.00,523.00,219150.00,49
2025-11-18,502.00,522.00,225900.00,50
2025-11-19,536.00,522.00,241200.00,54
2025-11-20,530.00,522.00,238500.00,53
2025-11-21,564.00,522.00,253800.00,56
2025-11-22,535.00,521.00,240750.00,54
2025-11-23,490.00,521.00,220500.00,49
2025-11-24,490.00,521.00,220500.00,49
2025-11-25,541.00,521.00,243450.00,54
2025-11-26,494.00,521.00,222300.00,49
2025-11-27,564.00,521.00,253800.00,56
2025-11-28,546.00,521.00,245700.00,55
2025-11-29,492.00,521.00,221400.00,49
2025-11-30,549.00,522.00,247050.00,55
2025-12-01,565.00,522.00,254250.00,56
2025-12-02,490.00,522.00,220500.00,49
2025-12-03,480.00,522.00,216000.00,48
2025-12-04,490.00,523.00,220500.00,49
2025-12-05,503.00,523.00,226350.00,50
2025-12-06,488.00,524.00,219600.00,49
2025-12-07,529.00,524.00,238050.00,53
2025-12-08,520.00,525.00,234000.00,52
2025-12-09,483.00,526.00,217350.00,48
2025-12-10,482.00,526.00,216900.00,48
2025-12-11,527.00,527.00,237150.00,53
2025-12-12,496.00,528.00,223200.00,50
2025-12-13,481.00,528.00,216450.00,48
2025-12-14,529.00,529.00,238050.00,53
2025-12-15,560.00,530.00,252000.00,56
2025-12-16,559.00,531.00,251550.00,56
2025-12-17,529.00,532.00,238050.00,53
2025-12-18,526.00,533.00,236700.00,53
2025-12-19,495.00,534.00,222750.00,50
2025-12-20,487.00,535.00,219150.00,49
2025-12-21,505.00,536.00,227250.00,50
2025-12-22,501.00,537.00,225450.00,50
2025-12-23,577.00,538.00,259650.00,58
2025-12-24,547.00,539.00,246150.00,55
2025-12-25,520.00,540.00,234000.00,52
2025-12-26,584.00,541.00,262800.00,58
2025-12-27,509.00,543.00,229050.00,51
2025-12-28,559.00,544.00,251550.00,56
2025-12-29,575.00,545.00,258750.00,58
2025-12-30,497.00,546.00,223650.00,50
2025-12-31,587.00,547.00,264150.00,59
2026-01-01,585.00,548.00,263250.00,58
2026-01-02,528.00,550.00,237600.00,53
2026-01-03,591.00,551.00,265950.00,59
2026-01-04,567.00,552.00,255150.00,57
2026-01-05,517.00,553.00,232650.00,52
2026-01-06,532.00,554.00,239400.00,53
2026-01-07,577.00,556.00,259650.00,58
2026-01-08,522.00,557.00,234900.00,52
2026-01-09,523.00,558.00,235350.00,52
2026-01-10,602.00,559.00,270900.00,60
2026-01-11,546.00,560.00,245700.00,55
2026-01-12,527.00,562.00,237150.00,53
2026-01-13,519.00,563.00,233550.00,52
2026-01-14,597.00,564.00,268650.00,60
2026-01-15,575.00,565.00,258750.00,58
2026-01-16,594.00,566.00,267300.00,59
2026-01-17,531.00,567.00,238950.00,53
2026-01-18,597.00,568.00,268650.00,60
2026-01-19,588.00,569.00,264600.00,59
2026-01-20,529.00,570.00,238050.00,53
2026-01-21,578.00,571.00,260100.00,58
2026-01-22,559.00,572.00,251550.00,56
2026-01-23,523.00,573.00,235350.00,52
2026-01-24,528.00,574.00,237600.00,53
2026-01-25,617.00,575.00,277650.00,62
2026-01-26,623.00,575.00,280350.00,62
2026-01-27,560.00,576.00,252000.00,56
2026-01-28,594.00,577.00,267300.00,59
2026-01-29,548.00,578.00,246600.00,55
2026-01-30,572.00,578.00,257400.00,57
2026-01-31,577.00,579.00,259650.00,58
2026-02-01,559.00,580.00,251550.00,56
2026-02-02,619.00,580.00,278550.00,62
2026-02-03,566.00,581.00,254700.00,57
2026-02-04,620.00,581.00,279000.00,62
2026-02-05,601.00,582.00,270450.00,60
2026-02-06,622.00,582.00,279900.00,62
2026-02-07,606.00,582.00,272700.00,61
2026-02-08,560.00,583.00,252000.00,56
2026-02-09,545.00,583.00,245250.00,54
2026-02-10,594.00,583.00,267300.00,59
2026-02-11,614.00,583.00,276300.00,61
2026-02-12,567.00,583.00,255150.00,57
2026-02-13,576.00,583.00,259200.00,58
2026-02-14,542.00,583.00,243900.00,54
2026-02-15,557.00,583.00,250650.00,56
2026-02-16,574.00,583.00,258300.00,57
2026-02-17,599.00,583.00,269550.00,60
2026-02-18,582.00,583.00,261900.00,58
2026-02-19,597.00,583.00,268650.00,60
2026-02-20,584.00,582.00,262800.00,58
2026-02-21,544.00,582.00,244800.00,54
2026-02-22,567.00,582.00,255150.00,57
2026-02-23,607.00,581.00,273150.00,61
2026-02-24,629.00,581.00,283050.00,63
2026-02-25,539.00,580.00,242550.00,54
2026-02-26,590.00,580.00,265500.00,59
2026-02-27,566.00,579.00,254700.00,57
2026-02-28,582.00,579.00,261900.00,58
2026-03-01,606.00,578.00,272700.00,61
2026-03-02,548.00,577.00,246600.00,55
2026-03-03,538.00,577.00,242100.00,54
2026-03-04,604.00,576.00,271800.00,60
2026-03-05,602.00,575.00,270900.00,60
2026-03-06,603.00,574.00,271350.00,60
2026-03-07,531.00,573.00,238950.00,53
2026-03-08,581.00,572.00,261450.00,58
2026-03-09,575.00,571.00,258750.00,58
2026-03-10,529.00,570.00,238050.00,53
2026-03-11,611.00,569.00,274950.00,61
2026-03-12,565.00,568.00,254250.00,56
2026-03-13,551.00,567.00,247950.00,55
2026-03-14,613.00,566.00,275850.00,61
2026-03-15,545.00,565.00,245250.00,54
2026-03-16,576.00,564.00,259200.00,58
2026-03-17,604.00,562.00,271800.00,60
2026-03-18,577.00,561.00,259650.00,58
2026-03-19,582.00,560.00,261900.00,58
2026-03-20,598.00,559.00,269100.00,60
2026-03-21,534.00,557.00,240300.00,53
2026-03-22,519.00,556.00,233550.00,52
2026-03-23,533.00,555.00,239850.00,53
2026-03-24,581.00,553.00,261450.00,58
2026-03-25,594.00,552.00,267300.00,59
2026-03-26,584.00,551.00,262800.00,58
2026-03-27,585.00,549.00,263250.00,58
2026-03-28,581.00,548.00,261450.00,58
2026-03-29,497.00,546.00,223650.00,50
2026-03-30,549.00,545.00,247050.00,55
2026-03-31,537.00,544.00,241650.00,54